{
  "variables": {
    "packer_user_password": "TempAdministrator!",
    "packer_disk_size": "5120",
    "packer_iso_image": "rhel-server-7.9-x86_64-dvd.iso",
    "vsphere_datacenter": "{{env `GOVC_DATACENTER`}}",
    "vsphere_cluster": "{{env `GOVC_CLUSTER`}}",
    "vsphere_datastore": "{{env `GOVC_DATASTORE`}}",
    "vsphere_datastore_iso": "{{env `GOVC_DATASTORE`}}",
    "vsphere_esxi_host": "{{env `VSPHERE_ESXI_HOST`}}",
    "vsphere_folder": "{{env `VSPHERE_TEMPLATE_FOLDER`}}",
    "vsphere_network": "{{env `VSPHERE_VLAN`}}",
    "vsphere_host": "{{env `GOVC_HOST`}}",
    "vsphere_username": "{{env `GOVC_USERNAME`}}",
    "vsphere_password": "{{env `GOVC_PASSWORD`}}",
    "rhel_activation_key": "{{env `RHEL_ACTIVATION_KEY`}}"
  },
  "sensitive-variables": [
    "packer_user_password",
    "vsphere_password",
    "rhel_activation_key"
  ],
  "builders": [
    {
      "name": "redhat-7-amd64-vsphere",
      "vm_name": "redhat-7-amd64",
      "guest_os_type": "rhel7_64Guest",
      "type": "vsphere-iso",
      "vcenter_server": "{{user `vsphere_host`}}",
      "username": "{{user `vsphere_username`}}",
      "password": "{{user `vsphere_password`}}",
      "insecure_connection": "true",
      "datacenter": "{{user `vsphere_datacenter`}}",
      "cluster": "{{user `vsphere_cluster`}}",
      "host": "{{user `vsphere_esxi_host`}}",
      "datastore": "{{user `vsphere_datastore`}}",
      "folder": "{{user `vsphere_folder`}}",
      "network_adapters": [
         {
           "network": "{{user `vsphere_network`}}",
           "network_card": "vmxnet3"
         }
      ],
      "disk_controller_type": "pvscsi",
      "storage": [
         {
            "disk_size": "{{user `packer_disk_size`}}",
            "disk_thin_provisioned": true
         }
       ],
      "CPUs": "1",
      "RAM": "2048",
      "convert_to_template": "false",
      "communicator": "ssh",
      "ssh_wait_timeout": "30m",
      "ssh_handshake_attempts": "30",
      "ssh_username": "root",
      "ssh_password": "{{user `packer_user_password`}}",
      "iso_paths": [
          "[{{user `vsphere_datastore_iso`}}] iso/{{user `packer_iso_image`}}"
       ],
      "cd_files": [
           "./redhat/redhat7-installation.cfg"
       ],
      "cd_label": "kickstart",
      "shutdown_command": "shutdown -P now",
      "boot_wait": "30s",
      "boot_command": [
        "<tab> text net.ifnames=0 biosdevname=0 inst.ks=cdrom:/redhat7-installation.cfg <enter><wait10><enter>"
      ]
    }
  ],
  "provisioners": [
    {
      "type": "file",
      "source": "secrets",
      "destination": "/tmp/env"
    },
    {
      "type": "shell",
      "script": "./redhat/redhat-customise.sh"
    }
  ]
}
