{
  "variables": {
    "vsphere_disk_size": "30720",
    "vsphere_iso_url": "[{{env `GOVC_DATASTORE`}}] iso/en_windows_server_2019_updated_nov_2020_x64_dvd_8600b05f.iso",
    "vsphere_tools_iso_url": "[{{env `GOVC_DATASTORE`}}] iso/VMware-tools-windows-11.0.5-15389592.iso",
    "vsphere_host": "{{env `GOVC_HOST`}}",
    "vsphere_username": "{{env `GOVC_USERNAME`}}",
    "vsphere_password": "{{env `GOVC_PASSWORD`}}",
    "vsphere_esxi_host": "{{env `VSPHERE_ESXI_HOST`}}",
    "vsphere_datacenter": "{{env `GOVC_DATACENTER`}}",
    "vsphere_cluster": "{{env `GOVC_CLUSTER`}}",
    "vsphere_datastore": "{{env `GOVC_DATASTORE`}}",
    "vsphere_folder": "{{env `VSPHERE_TEMPLATE_FOLDER`}}",
    "vsphere_network": "{{env `VSPHERE_VLAN`}}"
  },
  "sensitive-variables": [
    "vsphere_password"
  ],
  "builders": [
    {
      "name": "windows-2019-amd64",
      "vm_name": "windows-2019-amd64",
      "type": "vsphere-iso",
      "guest_os_type": "windows9Server64Guest",
      "storage": [
        {
          "disk_size": "{{user `vsphere_disk_size`}}",
          "disk_thin_provisioned": true
	}
      ],
      "disk_controller_type": "pvscsi",
      "vcenter_server": "{{user `vsphere_host`}}",
      "username": "{{user `vsphere_username`}}",
      "password": "{{user `vsphere_password`}}",
      "insecure_connection": "true",
      "datacenter": "{{user `vsphere_datacenter`}}",
      "cluster": "{{user `vsphere_cluster`}}",
      "host": "{{user `vsphere_esxi_host`}}",
      "folder": "{{user `vsphere_folder`}}",
      "datastore": "{{user `vsphere_datastore`}}",
      "network_adapters": [
        {
          "network_card": "vmxnet3",
          "network": "{{user `vsphere_network`}}"
	}
      ],
      "convert_to_template": false,
      "RAM": 4096,
      "CPUs": 2,
      "iso_paths": [
        "{{user `vsphere_iso_url`}}",
        "{{user `vsphere_tools_iso_url`}}"
      ],
      "floppy_files": [
        "windows-2019/autounattend.xml",
        "windows/vmtools.ps1",
        "windows/winrm.ps1"
      ],
      "communicator": "winrm",
      "winrm_username": "Administrator",
      "winrm_password": "TempAdministrator",
      "winrm_timeout": "4h",
      "shutdown_command": "shutdown /s /t 0 /f /d p:4:1 /c \"Packer Shutdown\""
    }
  ],
  "provisioners": [
    {
      "type": "powershell",
      "script": "windows/disable-windows-updates.ps1"
    },
    {
      "type": "powershell",
      "script": "windows/provision.ps1"
    },
    {
      "type": "windows-update",
      "filters": [
          "exclude:$_.InstallationBehavior.CanRequestUserInput",
          "include:$true"
      ]
    },
    {
      "type": "powershell",
      "script": "windows/enable-remote-desktop.ps1"
    },
    {
      "type": "windows-restart"
    },
    {
      "type": "powershell",
      "script": "windows/eject-media.ps1"
    },
    {
      "type": "powershell",
      "script": "windows/optimize.ps1"
    }
  ]
}
