{
  "variables": {
    "disk_size": "61440",
    "iso_url": "https://software-download.microsoft.com/download/pr/17763.737.190906-2324.rs5_release_svc_refresh_SERVER_EVAL_x64FRE_en-us_1.iso",
    "iso_checksum": "sha256:549bca46c055157291be6c22a3aaaed8330e78ef4382c99ee82c896426a1cee1"
  },
  "builders": [
    {
      "name": "windows-2019-uefi-amd64-libvirt",
      "type": "qemu",
      "accelerator": "kvm",
      "cpus": 2,
      "memory": 4096,
      "qemuargs": [
        ["-bios", "/usr/share/ovmf/OVMF.fd"],
        ["-cpu", "host"],
        ["-soundhw", "hda"],
        ["-usbdevice", "tablet"],
        ["-device", "virtio-net,netdev=user.0"],
        ["-vga", "qxl"],
        ["-device", "virtio-serial-pci"],
        ["-chardev", "socket,path=/tmp/{{.Name}}-qga.sock,server,nowait,id=qga0"],
        ["-device", "virtserialport,chardev=qga0,name=org.qemu.guest_agent.0"],
        ["-chardev", "spicevmc,id=spicechannel0,name=vdagent"],
        ["-device", "virtserialport,chardev=spicechannel0,name=com.redhat.spice.0"],
        ["-spice", "unix,addr=/tmp/{{.Name}}-spice.socket,disable-ticketing"]
      ],
      "headless": true,
      "format": "qcow2",
      "disk_size": "{{user `disk_size`}}",
      "disk_interface": "virtio",
      "iso_url": "{{user `iso_url`}}",
      "iso_checksum": "{{user `iso_checksum`}}",
      "communicator": "winrm",
      "winrm_username": "vagrant",
      "winrm_password": "vagrant",
      "winrm_timeout": "4h",
      "boot_wait": "5s",
      "boot_command": [
        "<enter>"
      ],
      "shutdown_command": "shutdown /s /t 0 /f /d p:4:1 /c \"Packer Shutdown\"",
      "http_directory": ".",
      "floppy_files": [
        "windows-2019-uefi/autounattend.xml",
        "winrm.ps1",
        "drivers/vioserial/2k19/amd64/*.cat",
        "drivers/vioserial/2k19/amd64/*.inf",
        "drivers/vioserial/2k19/amd64/*.sys",
        "drivers/viostor/2k19/amd64/*.cat",
        "drivers/viostor/2k19/amd64/*.inf",
        "drivers/viostor/2k19/amd64/*.sys",
        "drivers/NetKVM/2k19/amd64/*.cat",
        "drivers/NetKVM/2k19/amd64/*.inf",
        "drivers/NetKVM/2k19/amd64/*.sys",
        "drivers/qxldod/2k19/amd64/*.cat",
        "drivers/qxldod/2k19/amd64/*.inf",
        "drivers/qxldod/2k19/amd64/*.sys"
      ]
    },
    {
      "name": "windows-2019-uefi-amd64-virtualbox",
      "type": "virtualbox-iso",
      "guest_os_type": "Windows2019_64",
      "guest_additions_mode": "attach",
      "guest_additions_interface": "sata",
      "headless": true,
      "cpus": 2,
      "memory": 4096,
      "vboxmanage": [
        ["storagectl", "{{.Name}}", "--name", "IDE Controller", "--remove"],
        ["storageattach", "{{.Name}}", "--storagectl", "SATA Controller", "--port", "3", "--type", "dvddrive", "--medium", "windows-2019-uefi-amd64-virtualbox.iso"],
        ["modifyvm", "{{.Name}}", "--firmware", "efi"],
        ["modifyvm", "{{.Name}}", "--vrde", "off"],
        ["modifyvm", "{{.Name}}", "--graphicscontroller", "vboxsvga"],
        ["modifyvm", "{{.Name}}", "--vram", "128"],
        ["modifyvm", "{{.Name}}", "--accelerate3d", "on"],
        ["modifyvm", "{{.Name}}", "--usb", "on"],
        ["modifyvm", "{{.Name}}", "--mouse", "usbtablet"],
        ["modifyvm", "{{.Name}}", "--audio", "none"],
        ["modifyvm", "{{.Name}}", "--nictype1", "82540EM"],
        ["modifyvm", "{{.Name}}", "--nictype2", "82540EM"],
        ["modifyvm", "{{.Name}}", "--nictype3", "82540EM"],
        ["modifyvm", "{{.Name}}", "--nictype4", "82540EM"]
      ],
      "vboxmanage_post": [
        ["storageattach", "{{.Name}}", "--storagectl", "SATA Controller", "--port", "3", "--medium", "none"]
      ],
      "disk_size": "{{user `disk_size`}}",
      "hard_drive_interface": "sata",
      "iso_interface": "sata",
      "iso_url": "{{user `iso_url`}}",
      "iso_checksum": "{{user `iso_checksum`}}",
      "communicator": "winrm",
      "winrm_username": "vagrant",
      "winrm_password": "vagrant",
      "winrm_timeout": "4h",
      "boot_wait": "3s",
      "boot_command": [
        "<enter>"
      ],
      "shutdown_command": "shutdown /s /t 0 /f /d p:4:1 /c \"Packer Shutdown\""
    }
  ],
  "provisioners": [
    {
      "type": "powershell",
      "script": "disable-windows-updates.ps1"
    },
    {
      "type": "powershell",
      "inline": "Uninstall-WindowsFeature Windows-Defender"
    },
    {
      "type": "powershell",
      "script": "virtualbox-prevent-vboxsrv-resolution-delay.ps1",
      "only": ["windows-2019-uefi-amd64-virtualbox"]
    },
    {
      "type": "windows-restart"
    },
    {
      "type": "powershell",
      "script": "provision.ps1"
    },
    {
      "type": "windows-update"
    },
    {
      "type": "powershell",
      "script": "enable-remote-desktop.ps1"
    },
    {
      "type": "powershell",
      "script": "provision-openssh.ps1"
    },
    {
      "type": "windows-restart"
    },
    {
      "type": "powershell",
      "script": "provision-cloudbase-init.ps1"
    },
    {
      "type": "powershell",
      "script": "eject-media.ps1"
    },
    {
      "type": "powershell",
      "script": "optimize.ps1"
    }
  ],
  "post-processors": [
    {
      "type": "vagrant",
      "output": "{{.BuildName}}.box",
      "vagrantfile_template": "Vagrantfile-uefi.template"
    }
  ]
}
