{
  "variables": {
    "vsphere_disk_size": "30720",
    "vsphere_iso_url": "[{{env `GOVC_DATASTORE`}}] iso/windows-2012-r2-9600.17050.WINBLUE_REFRESH.140317-1640_X64FRE_SERVER_EVAL_EN-US-IR3_SSS_X64FREE_EN-US_DV9.ISO",
    "vsphere_tools_iso_url": "[{{env `GOVC_DATASTORE`}}] iso/VMware-tools-windows-11.0.5-15389592.iso",
    "vsphere_host": "{{env `GOVC_HOST`}}",
    "vsphere_username": "{{env `GOVC_USERNAME`}}",
    "vsphere_password": "{{env `GOVC_PASSWORD`}}",
    "vsphere_esxi_host": "{{env `VSPHERE_ESXI_HOST`}}",
    "vsphere_datacenter": "{{env `GOVC_DATACENTER`}}",
    "vsphere_cluster": "{{env `GOVC_CLUSTER`}}",
    "vsphere_datastore": "{{env `GOVC_DATASTORE`}}",
    "vsphere_folder": "{{env `VSPHERE_TEMPLATE_FOLDER`}}",
    "vsphere_network": "{{env `VSPHERE_VLAN`}}"
  },
  "sensitive-variables": [
    "vsphere_password"
  ],
  "builders": [
    {
      "name": "windows-2012-r2-amd64-vsphere",
      "vm_name": "windows-2012-r2-amd64-vsphere",
      "type": "vsphere-iso",
      "guest_os_type": "windows8Server64Guest",
      "storage": [
        {
          "disk_size": "{{user `vsphere_disk_size`}}",
          "disk_thin_provisioned": true
	}
      ],
      "disk_controller_type": "pvscsi",
      "vcenter_server": "{{user `vsphere_host`}}",
      "username": "{{user `vsphere_username`}}",
      "password": "{{user `vsphere_password`}}",
      "insecure_connection": "true",
      "datacenter": "{{user `vsphere_datacenter`}}",
      "cluster": "{{user `vsphere_cluster`}}",
      "host": "{{user `vsphere_esxi_host`}}",
      "folder": "{{user `vsphere_folder`}}",
      "datastore": "{{user `vsphere_datastore`}}",
      "network_adapters": [
        {
          "network_card": "vmxnet3",
          "network": "{{user `vsphere_network`}}"
	}
      ],
      "convert_to_template": false,
      "RAM": 4096,
      "CPUs": 4,
      "iso_paths": [
        "{{user `vsphere_iso_url`}}",
        "{{user `vsphere_tools_iso_url`}}"
      ],
      "floppy_files": [
        "tmp/windows-2012-r2-vsphere/autounattend.xml",
        "vmtools.ps1",
        "winrm.ps1"
      ],
      "communicator": "winrm",
      "winrm_username": "vagrant",
      "winrm_password": "vagrant",
      "winrm_timeout": "4h",
      "shutdown_command": "shutdown /s /t 0 /f /d p:4:1 /c \"Packer Shutdown\""
    }
  ],
  "provisioners": [
    {
      "type": "powershell",
      "script": "disable-windows-updates.ps1"
    },
    {
      "type": "powershell",
      "inline": "Uninstall-WindowsFeature FS-SMB1"
    },
    {
      "type": "windows-restart"
    },
    {
      "type": "powershell",
      "script": "provision.ps1"
    },
    {
      "type": "windows-update",
      "filters": [
          "include:$_.Title -like '*Servicing Stack Update for Windows*'"
      ]
    },
    {
      "type": "windows-update"
    },
    {
      "type": "powershell",
      "script": "enable-remote-desktop.ps1"
    },
    {
      "type": "windows-restart"
    },
    {
      "type": "powershell",
      "script": "eject-media.ps1"
    },
    {
      "type": "powershell",
      "script": "optimize.ps1"
    }
  ]
}
