{
  "variables": {
    "disk_size": "61440",
    "iso_url": "https://software-download.microsoft.com/download/pr/Windows_Server_2016_Datacenter_EVAL_en-us_14393_refresh.ISO",
    "iso_checksum": "sha256:1ce702a578a3cb1ac3d14873980838590f06d5b7101c5daaccbac9d73f1fb50f",
    "hyperv_switch_name": "{{env `HYPERV_SWITCH_NAME`}}",
    "hyperv_vlan_id": "{{env `HYPERV_VLAN_ID`}}"
  },
  "builders": [
    {
      "name": "windows-2016-amd64-libvirt",
      "type": "qemu",
      "accelerator": "kvm",
      "cpus": 2,
      "memory": 6144,
      "qemuargs": [
        ["-cpu", "host"],
        ["-soundhw", "hda"],
        ["-usbdevice", "tablet"],
        ["-device", "virtio-net,netdev=user.0"],
        ["-vga", "qxl"],
        ["-device", "virtio-serial-pci"],
        ["-chardev", "socket,path=/tmp/{{.Name}}-qga.sock,server,nowait,id=qga0"],
        ["-device", "virtserialport,chardev=qga0,name=org.qemu.guest_agent.0"],
        ["-chardev", "spicevmc,id=spicechannel0,name=vdagent"],
        ["-device", "virtserialport,chardev=spicechannel0,name=com.redhat.spice.0"],
        ["-spice", "unix,addr=/tmp/{{.Name}}-spice.socket,disable-ticketing"]
      ],
      "headless": true,
      "format": "qcow2",
      "disk_size": "{{user `disk_size`}}",
      "disk_interface": "virtio",
      "iso_url": "{{user `iso_url`}}",
      "iso_checksum": "{{user `iso_checksum`}}",
      "communicator": "winrm",
      "winrm_username": "vagrant",
      "winrm_password": "vagrant",
      "winrm_timeout": "4h",
      "shutdown_command": "shutdown /s /t 0 /f /d p:4:1 /c \"Packer Shutdown\"",
      "http_directory": ".",
      "floppy_files": [
        "windows-2016/autounattend.xml",
        "winrm.ps1",
        "drivers/vioserial/2k16/amd64/*.cat",
        "drivers/vioserial/2k16/amd64/*.inf",
        "drivers/vioserial/2k16/amd64/*.sys",
        "drivers/viostor/2k16/amd64/*.cat",
        "drivers/viostor/2k16/amd64/*.inf",
        "drivers/viostor/2k16/amd64/*.sys",
        "drivers/NetKVM/2k16/amd64/*.cat",
        "drivers/NetKVM/2k16/amd64/*.inf",
        "drivers/NetKVM/2k16/amd64/*.sys",
        "drivers/qxldod/2k16/amd64/*.cat",
        "drivers/qxldod/2k16/amd64/*.inf",
        "drivers/qxldod/2k16/amd64/*.sys"
      ]
    },
    {
      "name": "windows-2016-amd64-virtualbox",
      "type": "virtualbox-iso",
      "guest_os_type": "Windows2016_64",
      "guest_additions_mode": "attach",
      "guest_additions_interface": "sata",
      "headless": true,
      "cpus": 2,
      "memory": 6144,
      "vboxmanage": [
        ["storagectl", "{{.Name}}", "--name", "IDE Controller", "--remove"],
        ["modifyvm", "{{.Name}}", "--vrde", "off"],
        ["modifyvm", "{{.Name}}", "--graphicscontroller", "vboxsvga"],
        ["modifyvm", "{{.Name}}", "--vram", "128"],
        ["modifyvm", "{{.Name}}", "--accelerate3d", "on"],
        ["modifyvm", "{{.Name}}", "--usb", "on"],
        ["modifyvm", "{{.Name}}", "--mouse", "usbtablet"],
        ["modifyvm", "{{.Name}}", "--audio", "none"],
        ["modifyvm", "{{.Name}}", "--nictype1", "82540EM"],
        ["modifyvm", "{{.Name}}", "--nictype2", "82540EM"],
        ["modifyvm", "{{.Name}}", "--nictype3", "82540EM"],
        ["modifyvm", "{{.Name}}", "--nictype4", "82540EM"]
      ],
      "disk_size": "{{user `disk_size`}}",
      "hard_drive_interface": "sata",
      "iso_interface": "sata",
      "iso_url": "{{user `iso_url`}}",
      "iso_checksum": "{{user `iso_checksum`}}",
      "communicator": "winrm",
      "winrm_username": "vagrant",
      "winrm_password": "vagrant",
      "winrm_timeout": "4h",
      "shutdown_command": "shutdown /s /t 0 /f /d p:4:1 /c \"Packer Shutdown\"",
      "floppy_files": [
        "windows-2016/autounattend.xml",
        "winrm.ps1"
      ]
    },
    {
      "name": "windows-2016-amd64-hyperv",
      "type": "hyperv-iso",
      "temp_path": "tmp",
      "headless": true,
      "generation": 2,
      "cpus": 2,
      "memory": 6144,
      "switch_name": "{{user `hyperv_switch_name`}}",
      "vlan_id": "{{user `hyperv_vlan_id`}}",
      "disk_size": "{{user `disk_size`}}",
      "iso_url": "{{user `iso_url`}}",
      "iso_checksum": "{{user `iso_checksum`}}",
      "cd_files": [
        "windows-2016-uefi/autounattend.xml",
        "winrm.ps1"
      ],
      "first_boot_device": "DVD",
      "boot_order": ["SCSI:0:0"],
      "boot_wait": "1s",
      "boot_command": [
        "<up><wait><up><wait><up><wait><up><wait><up><wait>"
      ],
      "communicator": "winrm",
      "winrm_username": "vagrant",
      "winrm_password": "vagrant",
      "winrm_timeout": "4h",
      "shutdown_command": "shutdown /s /t 0 /f /d p:4:1 /c \"Packer Shutdown\""
    }
  ],
  "provisioners": [
    {
      "type": "powershell",
      "script": "disable-windows-updates.ps1"
    },
    {
      "type": "powershell",
      "inline": "Uninstall-WindowsFeature Windows-Defender-Features"
    },
    {
      "type": "powershell",
      "inline": "Uninstall-WindowsFeature FS-SMB1"
    },
    {
      "type": "powershell",
      "script": "virtualbox-prevent-vboxsrv-resolution-delay.ps1",
      "only": ["windows-2016-amd64-virtualbox"]
    },
    {
      "type": "powershell",
      "script": "provision-guest-tools-qemu-kvm.ps1",
      "only": ["windows-2016-amd64-libvirt"]
    },
    {
      "type": "windows-restart"
    },
    {
      "type": "powershell",
      "script": "libvirt-fix-cpu-driver.ps1",
      "only": ["windows-2016-amd64-libvirt"]
    },
    {
      "type": "powershell",
      "script": "provision.ps1"
    },
    {
      "type": "windows-update",
      "filters": [
          "include:$_.Title -like '*Servicing Stack Update for Windows*'"
      ]
    },
    {
      "type": "windows-update"
    },
    {
      "type": "powershell",
      "script": "enable-remote-desktop.ps1"
    },
    {
      "type": "powershell",
      "script": "provision-openssh.ps1"
    },
    {
      "type": "windows-restart"
    },
    {
      "type": "powershell",
      "script": "provision-cloudbase-init.ps1"
    },
    {
      "type": "powershell",
      "script": "eject-media.ps1"
    },
    {
      "type": "powershell",
      "script": "optimize.ps1"
    }
  ],
  "post-processors": [
    {
      "type": "vagrant",
      "output": "{{.BuildName}}.box",
      "vagrantfile_template": "Vagrantfile.template"
    }
  ]
}
