{
  "variables": {
    "disk_size": "61440",
    "iso_url": "https://software-download.microsoft.com/download/pr/19041.264.200511-0456.vb_release_svc_refresh_CLIENTENTERPRISEEVAL_OEMRET_x64FRE_en-us.iso",
    "iso_checksum": "sha256:f1a4f2176259167cd2c8bf83f3f5a4039753b6cc28c35ac624da95a36e9620fc",
    "hyperv_switch_name": "{{env `HYPERV_SWITCH_NAME`}}",
    "hyperv_vlan_id": "{{env `HYPERV_VLAN_ID`}}"
  },
  "builders": [
    {
      "name": "windows-10-2004-amd64-libvirt",
      "type": "qemu",
      "accelerator": "kvm",
      "cpus": 2,
      "memory": 4096,
      "qemuargs": [
        ["-cpu", "host"],
        ["-soundhw", "hda"],
        ["-usbdevice", "tablet"],
        ["-device", "virtio-net,netdev=user.0"],
        ["-vga", "qxl"],
        ["-device", "virtio-serial-pci"],
        ["-chardev", "socket,path=/tmp/{{.Name}}-qga.sock,server,nowait,id=qga0"],
        ["-device", "virtserialport,chardev=qga0,name=org.qemu.guest_agent.0"],
        ["-chardev", "spicevmc,id=spicechannel0,name=vdagent"],
        ["-device", "virtserialport,chardev=spicechannel0,name=com.redhat.spice.0"],
        ["-spice", "unix,addr=/tmp/{{.Name}}-spice.socket,disable-ticketing"]
      ],
      "headless": true,
      "format": "qcow2",
      "disk_size": "{{user `disk_size`}}",
      "disk_interface": "virtio",
      "iso_url": "{{user `iso_url`}}",
      "iso_checksum": "{{user `iso_checksum`}}",
      "communicator": "winrm",
      "winrm_username": "vagrant",
      "winrm_password": "vagrant",
      "winrm_timeout": "4h",
      "shutdown_command": "shutdown /s /t 0 /f /d p:4:1 /c \"Packer Shutdown\"",
      "http_directory": ".",
      "floppy_files": [
        "windows-10/autounattend.xml",
        "winrm.ps1",
        "drivers/vioserial/w10/amd64/*.cat",
        "drivers/vioserial/w10/amd64/*.inf",
        "drivers/vioserial/w10/amd64/*.sys",
        "drivers/viostor/w10/amd64/*.cat",
        "drivers/viostor/w10/amd64/*.inf",
        "drivers/viostor/w10/amd64/*.sys",
        "drivers/NetKVM/w10/amd64/*.cat",
        "drivers/NetKVM/w10/amd64/*.inf",
        "drivers/NetKVM/w10/amd64/*.sys",
        "drivers/qxldod/w10/amd64/*.cat",
        "drivers/qxldod/w10/amd64/*.inf",
        "drivers/qxldod/w10/amd64/*.sys"
      ]
    },
    {
      "name": "windows-10-2004-amd64-virtualbox",
      "type": "virtualbox-iso",
      "guest_os_type": "Windows10_64",
      "guest_additions_mode": "attach",
      "guest_additions_interface": "sata",
      "headless": true,
      "cpus": 2,
      "memory": 4096,
      "vboxmanage": [
        ["storagectl", "{{.Name}}", "--name", "IDE Controller", "--remove"],
        ["modifyvm", "{{.Name}}", "--vrde", "off"],
        ["modifyvm", "{{.Name}}", "--graphicscontroller", "vboxsvga"],
        ["modifyvm", "{{.Name}}", "--vram", "128"],
        ["modifyvm", "{{.Name}}", "--accelerate3d", "on"],
        ["modifyvm", "{{.Name}}", "--usb", "on"],
        ["modifyvm", "{{.Name}}", "--mouse", "usbtablet"],
        ["modifyvm", "{{.Name}}", "--audio", "none"],
        ["modifyvm", "{{.Name}}", "--nictype1", "82540EM"],
        ["modifyvm", "{{.Name}}", "--nictype2", "82540EM"],
        ["modifyvm", "{{.Name}}", "--nictype3", "82540EM"],
        ["modifyvm", "{{.Name}}", "--nictype4", "82540EM"]
      ],
      "disk_size": "{{user `disk_size`}}",
      "hard_drive_interface": "sata",
      "iso_interface": "sata",
      "iso_url": "{{user `iso_url`}}",
      "iso_checksum": "{{user `iso_checksum`}}",
      "communicator": "winrm",
      "winrm_username": "vagrant",
      "winrm_password": "vagrant",
      "winrm_timeout": "4h",
      "shutdown_command": "shutdown /s /t 0 /f /d p:4:1 /c \"Packer Shutdown\"",
      "floppy_files": [
        "windows-10/autounattend.xml",
        "winrm.ps1"
      ]
    },
    {
      "name": "windows-10-2004-amd64-hyperv",
      "type": "hyperv-iso",
      "temp_path": "tmp",
      "headless": true,
      "generation": 2,
      "cpus": 2,
      "memory": 4096,
      "switch_name": "{{user `hyperv_switch_name`}}",
      "vlan_id": "{{user `hyperv_vlan_id`}}",
      "disk_size": "{{user `disk_size`}}",
      "iso_url": "{{user `iso_url`}}",
      "iso_checksum": "{{user `iso_checksum`}}",
      "cd_files": [
        "windows-10-uefi/autounattend.xml",
        "winrm.ps1"
      ],
      "first_boot_device": "DVD",
      "boot_order": ["SCSI:0:0"],
      "boot_wait": "1s",
      "boot_command": [
        "<up><wait><up><wait><up><wait><up><wait><up><wait>"
      ],
      "communicator": "winrm",
      "winrm_username": "vagrant",
      "winrm_password": "vagrant",
      "winrm_timeout": "4h",
      "shutdown_command": "shutdown /s /t 0 /f /d p:4:1 /c \"Packer Shutdown\""
    }
  ],
  "provisioners": [
    {
      "type": "powershell",
      "script": "disable-windows-updates.ps1"
    },
    {
      "type": "powershell",
      "inline": "<# disable Windows Defender #> Set-MpPreference -DisableRealtimeMonitoring $true; Set-ItemProperty -Path 'HKLM:/SOFTWARE/Policies/Microsoft/Windows Defender' -Name DisableAntiSpyware -Value 1"
    },
    {
      "type": "powershell",
      "script": "remove-one-drive.ps1"
    },
    {
      "type": "powershell",
      "script": "remove-apps.ps1"
    },
    {
      "type": "powershell",
      "script": "virtualbox-prevent-vboxsrv-resolution-delay.ps1",
      "only": ["windows-10-2004-amd64-virtualbox"]
    },
    {
      "type": "powershell",
      "script": "provision-guest-tools-qemu-kvm.ps1",
      "only": ["windows-10-2004-amd64-libvirt"]
    },
    {
      "type": "windows-restart"
    },
    {
      "type": "powershell",
      "script": "libvirt-fix-cpu-driver.ps1",
      "only": ["windows-10-2004-amd64-libvirt"]
    },
    {
      "type": "powershell",
      "script": "provision.ps1"
    },
    {
      "type": "windows-update"
    },
    {
      "type": "powershell",
      "script": "enable-remote-desktop.ps1"
    },
    {
      "type": "powershell",
      "script": "provision-openssh.ps1"
    },
    {
      "type": "windows-restart"
    },
    {
      "type": "powershell",
      "script": "provision-cloudbase-init.ps1"
    },
    {
      "type": "powershell",
      "script": "eject-media.ps1"
    },
    {
      "type": "powershell",
      "script": "optimize.ps1"
    }
  ],
  "post-processors": [
    {
      "type": "vagrant",
      "output": "{{.BuildName}}.box",
      "vagrantfile_template": "Vagrantfile.template"
    }
  ]
}
