{
  "variables": {
    "disk_size": "61440",
    "iso_url": "http://download.microsoft.com/download/6/2/A/62A76ABB-9990-4EFC-A4FE-C7D698DAEB96/9600.17050.WINBLUE_REFRESH.140317-1640_X64FRE_SERVER_EVAL_EN-US-IR3_SSS_X64FREE_EN-US_DV9.ISO",
    "iso_checksum": "sha256:6612b5b1f53e845aacdf96e974bb119a3d9b4dcb5b82e65804ab7e534dc7b4d5"
  },
  "builders": [
    {
      "name": "windows-2012-r2-amd64-libvirt",
      "type": "qemu",
      "accelerator": "kvm",
      "cpus": 2,
      "memory": 4096,
      "qemuargs": [
        ["-cpu", "host"],
        ["-soundhw", "hda"],
        ["-usbdevice", "tablet"],
        ["-device", "virtio-net,netdev=user.0"],
        ["-vga", "qxl"],
        ["-device", "virtio-serial-pci"],
        ["-chardev", "socket,path=/tmp/{{.Name}}-qga.sock,server,nowait,id=qga0"],
        ["-device", "virtserialport,chardev=qga0,name=org.qemu.guest_agent.0"],
        ["-chardev", "spicevmc,id=spicechannel0,name=vdagent"],
        ["-device", "virtserialport,chardev=spicechannel0,name=com.redhat.spice.0"],
        ["-spice", "unix,addr=/tmp/{{.Name}}-spice.socket,disable-ticketing"]
      ],
      "headless": true,
      "format": "qcow2",
      "disk_size": "{{user `disk_size`}}",
      "disk_interface": "virtio",
      "iso_url": "{{user `iso_url`}}",
      "iso_checksum": "{{user `iso_checksum`}}",
      "communicator": "winrm",
      "winrm_username": "vagrant",
      "winrm_password": "vagrant",
      "winrm_timeout": "4h",
      "shutdown_command": "shutdown /s /t 0 /f /d p:4:1 /c \"Packer Shutdown\"",
      "http_directory": ".",
      "floppy_files": [
        "windows-2012-r2/autounattend.xml",
        "winrm.ps1",
        "drivers/viostor/2k12R2/amd64/*.cat",
        "drivers/viostor/2k12R2/amd64/*.inf",
        "drivers/viostor/2k12R2/amd64/*.sys",
        "drivers/NetKVM/2k12R2/amd64/*.cat",
        "drivers/NetKVM/2k12R2/amd64/*.inf",
        "drivers/NetKVM/2k12R2/amd64/*.sys",
        "drivers/qxldod/2k12R2/amd64/*.cat",
        "drivers/qxldod/2k12R2/amd64/*.inf",
        "drivers/qxldod/2k12R2/amd64/*.sys"
      ]
    },
    {
      "name": "windows-2012-r2-amd64-virtualbox",
      "type": "virtualbox-iso",
      "guest_os_type": "Windows81_64",
      "guest_additions_mode": "attach",
      "guest_additions_interface": "sata",
      "headless": true,
      "cpus": 2,
      "memory": 4096,
      "vboxmanage": [
        ["storagectl", "{{.Name}}", "--name", "IDE Controller", "--remove"],
        ["modifyvm", "{{.Name}}", "--vrde", "off"],
        ["modifyvm", "{{.Name}}", "--graphicscontroller", "vboxsvga"],
        ["modifyvm", "{{.Name}}", "--vram", "128"],
        ["modifyvm", "{{.Name}}", "--accelerate3d", "on"],
        ["modifyvm", "{{.Name}}", "--usb", "on"],
        ["modifyvm", "{{.Name}}", "--mouse", "usbtablet"],
        ["modifyvm", "{{.Name}}", "--audio", "none"],
        ["modifyvm", "{{.Name}}", "--nictype1", "82540EM"],
        ["modifyvm", "{{.Name}}", "--nictype2", "82540EM"],
        ["modifyvm", "{{.Name}}", "--nictype3", "82540EM"],
        ["modifyvm", "{{.Name}}", "--nictype4", "82540EM"]
      ],
      "disk_size": "{{user `disk_size`}}",
      "hard_drive_interface": "sata",
      "iso_interface": "sata",
      "iso_url": "{{user `iso_url`}}",
      "iso_checksum": "{{user `iso_checksum`}}",
      "communicator": "winrm",
      "winrm_username": "vagrant",
      "winrm_password": "vagrant",
      "winrm_timeout": "4h",
      "shutdown_command": "shutdown /s /t 0 /f /d p:4:1 /c \"Packer Shutdown\"",
      "floppy_files": [
        "windows-2012-r2/autounattend.xml",
        "winrm.ps1"
      ]
    }
  ],
  "provisioners": [
    {
      "type": "powershell",
      "script": "disable-windows-updates.ps1"
    },
    {
      "type": "powershell",
      "inline": "Uninstall-WindowsFeature FS-SMB1"
    },
    {
      "type": "powershell",
      "script": "virtualbox-prevent-vboxsrv-resolution-delay.ps1",
      "only": ["windows-2012-r2-amd64-virtualbox"]
    },
    {
      "type": "powershell",
      "script": "provision-powershell.ps1"
    },
    {
      "type": "powershell",
      "script": "provision-guest-tools-qemu-kvm.ps1",
      "only": ["windows-2012-r2-amd64-libvirt"]
    },
    {
      "type": "windows-restart"
    },
    {
      "type": "powershell",
      "script": "provision.ps1"
    },
    {
      "type": "windows-update",
      "filters": [
          "include:$_.Title -like '*Servicing Stack Update for Windows*'"
      ]
    },
    {
      "type": "windows-update"
    },
    {
      "type": "powershell",
      "script": "enable-remote-desktop.ps1"
    },
    {
      "type": "powershell",
      "script": "provision-openssh.ps1"
    },
    {
      "type": "windows-restart"
    },
    {
      "type": "powershell",
      "script": "eject-media.ps1"
    },
    {
      "type": "powershell",
      "script": "optimize.ps1"
    }
  ],
  "post-processors": [
    {
      "type": "vagrant",
      "output": "{{.BuildName}}.box",
      "vagrantfile_template": "Vagrantfile.template"
    }
  ]
}
